Fecha,Aceites lubricantes,Asfalto,Bunker,Ceras,Combustible turbo jet,Diesel bajo azufre,Diesel ultra bajo azufre,Gas licuado de petróleo,Gas natural,Gasolina de aviación,Gasolina regular,Gasolina superior,Grasas lubricantes,Kerosina,"Mezclas
oleosas",Naftas,PetCoke,Petróleo crudo,Solventes,Butano,Diesel alto azufre,Orimulsión,Total
2000-01-01,0.0,48446.0,296766.99,0.0,0.0,0.0,0.0,194410.47619047618,,1426.0,202645.2,308156.82,0.0,64026.09,0.0,0.0,0.0,0.0,0.0,0.0,634667.06,0,1750544.6361904764
2000-02-01,0.0,50597.0,328116.44,0.0,0.0,0.0,0.0,174710.55238095237,,1458.0,205530.96,307766.31,0.0,62660.3,0.0,0.0,0.0,0.0,0.0,0.0,642380.66,0,1773220.2223809524
2000-03-01,0.0,27593.0,368589.63,0.0,0.0,0.0,0.0,189234.06666666668,,1503.0,229499.56,331910.29,0.0,61361.99,0.0,0.0,0.0,0.0,0.0,0.0,699807.25,0,1909498.7866666666
2000-04-01,0.0,53794.0,396300.47,0.0,0.0,0.0,0.0,174330.60714285713,,1561.0,210680.4,315648.08,0.0,61814.32,0.0,0.0,0.0,0.0,0.0,0.0,586803.98,0,1800932.857142857
2000-05-01,0.0,60137.0,449368.92,0.0,0.0,0.0,0.0,191745.14761904764,,1642.0,208164.34,319667.97,0.0,54098.32,0.0,0.0,0.0,0.0,0.0,0.0,656948.2,0,1941771.8976190477
2000-06-01,0.0,40623.0,404033.69,0.0,0.0,0.0,0.0,196321.93333333335,,1641.0,195088.74,300347.7,0.0,60390.32,0.0,0.0,0.0,0.0,0.0,0.0,570919.88,0,1769366.2633333332
2000-07-01,0.0,36670.0,291436.2,0.0,0.0,0.0,0.0,192344.50238095238,,1598.0,204556.77,308305.93,0.0,61931.56,0.0,0.0,0.0,0.0,0.0,0.0,576436.02,0,1673278.9823809525
2000-08-01,0.0,25033.0,373811.63,0.0,0.0,0.0,0.0,203727.08095238093,,1438.0,218388.51,323011.86,0.0,70821.94,0.0,0.0,0.0,0.0,0.0,0.0,593770.77,0,1810002.7909523812
2000-09-01,0.0,16906.0,322718.89,0.0,0.0,0.0,0.0,194565.09761904762,,1469.0,213906.96,326455.72,0.0,58960.01,0.0,0.0,0.0,0.0,0.0,0.0,590145.4,0,1725127.0776190476
2000-10-01,0.0,22070.0,260955.42,0.0,0.0,0.0,0.0,210261.82619047622,,1475.0,213606.65,323843.63,0.0,63794.12,0.0,0.0,0.0,0.0,0.0,0.0,641113.36,0,1737120.0061904762
2000-11-01,0.0,25659.0,310274.26,0.0,0.0,0.0,0.0,205027.95261904763,,1498.0,209227.48,320788.08,0.0,65733.0,0.0,0.0,0.0,0.0,0.0,0.0,657086.3,0,1795294.0726190477
2000-12-01,0.0,20430.0,284045.83,0.0,0.0,0.0,0.0,200247.555,,1501.0,230020.7,366987.56,0.0,68848.5,0.0,0.0,0.0,0.0,0.0,0.0,673282.26,0,1845363.405
2001-01-01,0.0,30002.214999999997,399107.63301587204,0.0,0.0,0.0,0.0,179405.99027777778,,1755.5833333333333,164547.3516666666,300242.7816666665,0.0,69691.25083333332,0.0,0.0,0.0,0.0,0.0,0.0,569328.7870238096,0,1714081.592817459
2001-02-01,0.0,34407.564999999995,404897.0034920625,0.0,0.0,0.0,0.0,167818.1378968254,,1510.5833333333333,174838.8116666666,301483.401666666,0.0,56326.42083333332,0.0,0.0,0.0,0.0,0.0,0.0,597749.8317857146,0,1739031.7556746015
2001-03-01,0.0,32274.674999999996,406269.2753968244,0.0,0.0,0.0,0.0,186397.3259920635,,1602.5833333333333,201992.6516666666,355572.831666666,0.0,68208.99083333332,0.0,0.0,0.0,0.0,0.0,0.0,736085.9732142859,0,1988404.307103173
2001-04-01,0.0,26986.954999999994,397689.2196825387,0.0,0.0,0.0,0.0,175820.34503968255,,1355.5833333333333,198683.3916666666,355826.761666666,0.0,66697.90083333332,0.0,0.0,0.0,0.0,0.0,0.0,606257.6589285719,0,1829317.8161507924
2001-05-01,0.0,29776.714999999997,494837.72825396725,0.0,0.0,0.0,0.0,178303.33075396824,,1273.5833333333333,182504.09166666662,336040.041666666,0.0,61641.630833333315,0.0,0.0,0.0,0.0,0.0,0.0,664082.6575,0,1948459.7790079347
2001-06-01,0.0,26759.214999999997,385382.01634920534,0.0,0.0,0.0,0.0,177826.92837301586,,1171.5833333333333,201379.4816666666,308804.7016666665,0.0,57796.09083333332,0.0,0.0,0.0,0.0,0.0,0.0,559333.0336904764,0,1718453.0509126973
2001-07-01,0.0,24312.284999999993,482085.373968253,0.0,0.0,0.0,0.0,191041.99027777778,,1637.5833333333333,214980.2416666666,350501.971666667,0.0,67033.45083333332,0.0,0.0,0.0,0.0,0.0,0.0,589452.7346428575,0,1921045.6313888885
2001-08-01,0.0,25225.994999999995,470955.27396825294,0.0,0.0,0.0,0.0,190295.99027777778,,1412.5833333333333,204646.771666667,348414.6516666665,0.0,64093.29083333332,0.0,0.0,0.0,0.0,0.0,0.0,568546.3746428574,0,1873590.931388888
2001-09-01,0.0,20603.094999999994,387235.78396825294,0.0,0.0,0.0,0.0,184039.99027777778,,1710.5833333333333,188292.3516666666,324393.9616666665,0.0,51773.04083333332,0.0,0.0,0.0,0.0,0.0,0.0,533108.3946428574,0,1691157.2013888876
2001-10-01,0.0,29817.094999999994,412617.563968253,0.0,0.0,0.0,0.0,206176.99027777778,,1102.5833333333333,225240.9516666666,366261.631666666,0.0,56193.31083333332,0.0,0.0,0.0,0.0,0.0,0.0,603371.1846428574,0,1900781.3113888875
2001-11-01,0.0,22299.094999999994,606966.563968253,0.0,0.0,0.0,0.0,201335.99027777778,,1791.5833333333333,210324.9516666666,351890.631666666,0.0,53500.31083333332,0.0,0.0,0.0,0.0,0.0,0.0,626156.1846428574,0,2074265.3113888875
2001-12-01,0.0,19283.094999999994,402835.563968253,0.0,0.0,0.0,0.0,209792.99027777778,,979.5833333333333,223209.9516666666,403561.631666666,0.0,60508.31083333332,0.0,0.0,0.0,0.0,0.0,0.0,664190.1846428574,0,1984361.3113888875
2002-01-01,0.0,16971.656666666662,512580.54666666675,0.0,0.0,0.0,0.0,196068.60873015874,,1722.916666666667,200309.85166666665,368935.52583333326,0.0,51969.76749999998,0.0,0.0,0.0,37593.978333333376,0.0,0.0,726672.5991666663,0,2112825.451230158
2002-02-01,0.0,22834.536666666663,506069.6266666667,0.0,0.0,0.0,0.0,180209.8015873016,,923.916666666667,183119.34166666665,348917.78583333327,0.0,42796.91749999998,0.0,0.0,0.0,85710.74833333338,0.0,0.0,694344.7791666662,0,2064927.4540873012
2002-03-01,0.0,22891.186666666665,446878.0666666667,0.0,0.0,0.0,0.0,186680.96587301587,,1082.916666666667,212711.71166666664,385044.96583333326,0.0,53352.85749999998,0.0,0.0,0.0,64873.728333333376,0.0,0.0,656379.2891666662,0,2029895.6883730153
2002-04-01,0.0,35584.53666666667,450736.2566666667,0.0,0.0,0.0,0.0,196167.1611111111,,1295.916666666667,204765.62166666664,379741.9758333333,0.0,51056.137499999975,0.0,0.0,0.0,40923.468333333374,0.0,0.0,683646.1691666662,0,2043917.2436111106
2002-05-01,0.0,27945.586666666662,539547.9066666667,0.0,0.0,0.0,0.0,201612.35634920635,,1671.916666666667,201083.51166666663,375054.63583333325,0.0,52716.54749999998,0.0,0.0,0.0,62407.66833333337,0.0,0.0,707165.4691666663,0,2169205.5988492058
2002-06-01,0.0,20228.036666666663,456986.2666666667,0.0,0.0,0.0,0.0,193024.39920634922,,638.916666666667,187629.42166666663,371138.58583333326,0.0,50501.347499999974,0.0,0.0,0.0,22963.618333333376,0.0,0.0,667820.7091666663,0,1970931.3017063485
2002-07-01,0.0,14042.266666666663,492323.43666666665,0.0,0.0,0.0,0.0,204196.24444444446,,2062.916666666667,201692.64166666663,399944.64583333326,0.0,55179.817499999976,0.0,0.0,0.0,48749.898333333374,0.0,0.0,656761.5991666663,0,2074953.4669444438
2002-08-01,0.0,13715.916666666662,429935.5066666667,0.0,0.0,0.0,0.0,213625.43253968254,,1825.916666666667,205240.77166666664,392355.6158333333,0.0,51119.78749999998,0.0,0.0,0.0,13351.578333333375,0.0,0.0,657099.7391666662,0,1978270.2650396822
2002-09-01,0.0,13512.866666666663,381600.3366666667,0.0,0.0,0.0,0.0,209849.7587301588,,1416.916666666667,177614.80166666664,347191.43583333323,0.0,46923.96749999998,0.0,0.0,0.0,49713.578333333375,0.0,0.0,653664.5991666663,0,1881488.2612301582
2002-10-01,0.0,10066.266666666663,320349.2066666667,0.0,0.0,0.0,0.0,212932.32777777783,,1834.916666666667,203097.24166666664,381595.19583333324,0.0,61834.37749999998,0.0,0.0,0.0,40876.578333333375,0.0,0.0,653053.2691666662,0,1885639.3802777776
2002-11-01,0.0,16772.076666666664,438764.8966666667,0.0,0.0,0.0,0.0,210000.54682539683,,1552.916666666667,207629.81166666665,384334.21583333326,0.0,50783.19749999998,0.0,0.0,0.0,43455.578333333375,0.0,0.0,671401.3291666663,0,2024694.5693253963
2002-12-01,0.0,13946.066666666664,490960.94666666666,0.0,0.0,0.0,0.0,223830.39682539683,,1397.916666666667,199619.27166666664,400645.4158333333,0.0,55123.277499999975,0.0,0.0,0.0,52341.578333333375,0.0,0.0,676192.4491666663,0,2114057.3193253963
2003-01-01,0.0,19127.77,459765.4,0.0,0.0,0.0,0.0,213268.97857142857,,2009.0,193713.62,376516.58,0.0,55260.55,0.0,0.0,0.0,23392.0,0.0,0.0,769843.3,0,2112897.1985714287
2003-02-01,0.0,34700.38,377181.42,0.0,0.0,0.0,0.0,206815.0119047619,,1166.0,184354.61,355760.81,0.0,45243.65,0.0,0.0,0.0,61772.0,0.0,0.0,709783.58,0,1976777.4619047618
2003-03-01,0.0,56138.58,516535.35,0.0,0.0,0.0,0.0,216427.95,,2039.0,201443.37,361880.87,0.0,51161.05,0.0,0.0,0.0,94892.0,0.0,0.0,786484.49,0,2287002.66
2003-04-01,0.0,47408.44,502634.98,0.0,0.0,0.0,0.0,204403.5119047619,,1469.0,219004.31249999997,377395.17,0.0,50488.24,0.0,0.0,0.0,36935.0,0.0,0.0,709626.3875,0,2149365.0419047615
2003-05-01,0.0,49995.62,565746.99,0.0,0.0,0.0,0.0,216452.75214285718,,1387.0,200407.18,390624.27,0.0,50951.19,0.0,0.0,0.0,106406.0,0.0,0.0,755982.05,0,2337953.0521428576
2003-06-01,0.0,37720.89,410520.4,0.0,0.0,0.0,0.0,212069.04047619048,,1309.0,168327.72,346941.84,0.0,50662.66,0.0,0.0,0.0,61528.0,0.0,0.0,641540.08,0,1930619.6304761905
2003-07-01,0.0,38616.19,438350.49,0.0,0.0,0.0,0.0,231172.01428571428,,1662.0,174317.57,377178.84,0.0,59604.95,0.0,0.0,0.0,57764.0,0.0,0.0,631704.12,0,2010370.1742857145
2003-08-01,0.0,35878.39,464485.57,0.0,0.0,0.0,0.0,222312.70714285717,,1152.0,171665.05,355682.72,0.0,54601.1,0.0,0.0,0.0,40642.0,0.0,0.0,613428.55,0,1959848.0871428573
2003-09-01,0.0,41167.35,357778.24,0.0,0.0,0.0,0.0,225703.05,,1617.0,174757.95,348659.02,0.0,52876.98,0.0,0.0,0.0,61611.6,0.0,0.0,582989.47,0,1847160.66
2003-10-01,0.0,32848.56,614187.67,0.0,0.0,0.0,0.0,239665.04285714283,,1115.0,209314.45,392041.78,0.0,54999.76,0.0,0.0,0.0,52466.0,0.0,0.0,722763.6,0,2319401.862857143
2003-11-01,0.0,38513.22,697861.8,0.0,0.0,0.0,0.0,229612.35476190477,,612.0,168510.0,330640.23,0.0,56216.77,0.0,0.0,0.0,65943.03,0.0,0.0,639828.39,0,2227737.794761905
2003-12-01,0.0,31050.77,340583.67,0.0,0.0,0.0,0.0,247544.63809523807,,903.0,196081.99,391327.66,0.0,61415.1,0.0,0.0,0.0,58499.66,0.0,0.0,652872.45,0,1980278.938095238
2004-01-01,0.0,31681.4,430693.77,0.0,0.0,0.0,0.0,235284.96571428573,,1295.0,203975.57,381547.72,0.0,54764.8,0.0,0.0,83419.985,87146.0,0.0,0.0,656987.4,0,2166796.6107142856
2004-02-01,0.0,34556.73,381997.15,0.0,0.0,0.0,0.0,213288.68333333332,,2734.0,180290.24,339576.46,0.0,50279.3,0.0,0.0,40040.0,74043.0,0.0,0.0,659540.43,48278,2024623.9933333334
2004-03-01,0.0,39057.06,426729.0,0.0,0.0,0.0,0.0,233426.35476190475,,1238.0,206455.62,379687.46,0.0,57919.1,0.0,0.0,47740.0,59087.0,0.0,0.0,746236.84,113372,2310948.4347619046
2004-04-01,0.0,41073.0,368839.7,0.0,0.0,0.0,0.0,217530.87619047618,,1124.0,182379.92,357595.81,0.0,59607.6,0.0,0.0,63398.5,34697.0,0.0,0.0,633766.06,146362,2106374.466190476
2004-05-01,0.0,31988.71,400866.77,0.0,0.0,0.0,0.0,225959.05023809522,,968.0,160741.9,322596.73,0.0,60199.1,0.0,0.0,79761.0,52403.0,0.0,0.0,556369.7,176927,2068780.960238095
2004-06-01,0.0,45451.1,335267.91,0.0,0.0,0.0,0.0,225673.46404761903,,776.0,164782.5,318811.5,0.0,55658.6,0.0,0.0,67864.5,60590.0,0.0,0.0,560393.48,161297,1996566.054047619
2004-07-01,0.0,29127.74,320546.15,0.0,0.0,0.0,0.0,243064.07285714286,,1725.0,182642.41,346413.66,0.0,68394.8,0.0,0.0,68343.0,39999.0,0.0,0.0,583098.546,176388,2059742.3788571428
2004-08-01,0.0,30990.92,333848.59,0.0,0.0,0.0,0.0,236324.7680952381,,759.0,207432.8,390304.28,0.0,62772.7,0.0,0.0,64845.0,40389.0,0.0,0.0,699610.8,184302,2251579.8580952385
2004-09-01,0.0,24259.26,376693.43,0.0,0.0,0.0,0.0,225204.18023809523,,1418.0,194240.55,364689.84,0.0,53387.8,0.0,0.0,0.0,26770.0,0.0,0.0,612639.57,174244,2053546.6302380953
2004-10-01,0.0,18477.29,323360.76,0.0,0.0,0.0,0.0,229626.05833333335,,1886.0,200323.53,380441.55,0.0,59383.3,0.0,0.0,130845.0,40583.0,0.0,0.0,619084.79,171384,2175395.2783333333
2004-11-01,0.0,18502.2,328267.45,0.0,0.0,0.0,0.0,225593.82309523807,,1435.0,214509.65,378498.6,0.0,56250.2,0.0,0.0,69437.5,37413.09,0.0,0.0,705298.16,158324,2193529.673095238
2004-12-01,0.0,14061.36,289338.8,0.0,0.0,0.0,0.0,241915.00523809527,,1419.0,236733.03,429109.1,0.0,63695.8,0.0,0.0,79546.5,43894.0,0.0,0.0,761864.3,180450,2342026.8952380954
2005-01-01,0.0,17015.36,260522.63,0.0,48943.2,0.0,0.0,227154.96976190474,,1497.0,209901.6,321382.14,0.0,10015.1,0.0,0.0,98428.0,31108.09,0.0,0.0,724692.36,148655,2099315.449761905
2005-02-01,0.0,29448.99,280847.96,0.0,39285.8,0.0,0.0,211814.37595238094,,1705.0,198775.61,375768.83,0.0,9557.4,0.0,0.0,64718.5,43384.28,0.0,0.0,717116.77,152244,2124667.515952381
2005-03-01,0.0,38075.98,404657.12,0.0,48358.6,0.0,0.0,224387.02833333335,,1282.0,231358.58,410241.928,0.0,9416.3,0.0,0.0,92735.5,32149.0,0.0,0.0,802139.58,168846,2463647.6163333333
2005-04-01,0.0,40602.97,387064.14,0.0,39340.9,0.0,0.0,218555.20642857143,,917.0,225644.89,389737.16,0.0,5506.2,0.0,0.0,131785.5,47388.0,0.0,0.0,803996.93,182433,2472971.896428572
2005-05-01,0.0,40536.6,506432.44,0.0,36827.2,0.0,0.0,230568.15238095235,,1335.0,187048.26,343762.52,0.0,6820.9,0.0,0.0,129277.5,55515.0,0.0,0.0,715360.44,167907,2421391.012380952
2005-06-01,0.0,39064.02,562186.3,0.0,44188.1,0.0,0.0,223151.25952380954,,1412.0,202161.79,351906.82,0.0,8013.7,0.0,0.0,69657.5,55190.0,0.0,0.0,681743.36,166798,2405472.8495238093
2005-07-01,0.0,34049.77,334178.36,0.0,50690.5,0.0,0.0,236140.07857142857,,1678.0,213821.77,389172.65,0.0,5335.4,0.0,0.0,64702.0,50986.0,0.0,0.0,678614.47,122064,2181432.9985714285
2005-08-01,0.0,29237.36,305370.13,0.0,47309.3,0.0,0.0,242734.74047619046,,1106.0,212696.38,396871.12,0.0,8509.9,0.0,0.0,86713.0,61600.0,0.0,0.0,693681.13,158944,2244773.0604761904
2005-09-01,0.0,26273.57,238571.81,0.0,40131.2,0.0,0.0,223283.86904761902,,1309.0,196776.87,378887.62,0.0,5904.7,0.0,0.0,87345.5,11689.0,0.0,0.0,666258.37,103761,1980192.5090476188
2005-10-01,0.0,5405.34,230464.4,0.0,49322.5,0.0,0.0,213139.58095238096,,996.0,192270.24,328052.56,0.0,7862.9,0.0,0.0,84210.5,7770.0,0.0,0.0,589830.24,91025,1800349.260952381
2005-11-01,0.0,13712.31,302297.6,0.0,23955.9,0.0,0.0,222988.52619047617,,1624.0,185251.12,360869.14,0.0,7266.3,0.0,0.0,77429.0,35384.0,0.0,0.0,701255.47,183012,2115045.3661904763
2005-12-01,0.0,25971.31,285933.09,0.0,50005.0,0.0,0.0,225410.42904761905,,1457.0,241035.13,448688.52,0.0,8298.3,0.0,0.0,99434.5,51257.0,0.0,0.0,775027.2,163364,2375881.4790476193
2006-01-01,0.0,26454.21,271228.13,0.0,45851.0,0.0,0.0,217867.30952380953,,1307.0,211152.72,382078.88,0.0,7111.6,0.0,0.0,98549.0,38294.0,0.0,0.0,750946.36,163706,2214546.2095238096
2006-02-01,0.0,33494.0,228414.98,0.0,43198.9,0.0,0.0,212328.60714285713,,1735.0,200551.4,367944.25,0.0,6390.9,0.0,0.0,101057.0,43150.0,0.0,0.0,734530.76,152377,2125172.797142857
2006-03-01,0.0,48745.0,338067.89,0.0,45311.9,0.0,0.0,232405.35714285716,,1585.0,233082.86,427567.58,0.0,7416.6,0.0,0.0,82582.5,29621.0,0.0,0.0,875047.29,151247,2472679.9771428574
2006-04-01,0.0,36478.0,445994.72,0.0,44322.2,0.0,0.0,207612.26904761902,,1497.0,223479.45,392050.29,0.0,8600.5,0.0,0.0,89331.0,59859.0,0.0,0.0,711185.23,29039,2249448.659047619
2006-05-01,0.0,40882.0,628053.53,0.0,44047.1,0.0,0.0,232489.8333333333,,1400.0,222710.9,379832.55,0.0,6151.3,0.0,0.0,96222.5,29498.0,0.0,0.0,734289.15,0,2415576.8633333333
2006-06-01,0.0,22806.0,399380.67,0.0,42531.9,0.0,0.0,236563.82857142854,,1362.0,196511.22,364359.35,0.0,3720.3,0.0,0.0,101684.0,30854.0,0.0,0.0,672428.87,0,2072202.1385714286
2006-07-01,0.0,34461.58,408695.2,0.0,43381.8,0.0,0.0,239767.85476190477,,1552.0,210255.7,392252.91,0.0,6128.6,0.0,0.0,97361.0,59117.27,0.0,0.0,684438.7,0,2177412.614761905
2006-08-01,0.0,29068.07,412953.69,0.0,44489.5,0.0,0.0,245672.01666666666,,1942.0,211202.14,394585.28,0.0,7918.7,0.0,0.0,89875.5,42171.03,0.0,0.0,707219.69,1471,2188568.6166666667
2006-09-01,0.0,22311.3,283514.35,0.0,37449.2,0.0,0.0,256040.1023809524,,1576.0,204369.99,382724.97,0.0,6691.2,0.0,0.0,111782.0,39823.1,0.0,0.0,650791.38,0,1997073.5923809523
2006-10-01,0.0,25204.67,464238.85,0.0,37891.8,0.0,0.0,238514.63333333333,,1845.0,203061.39,400793.81,0.0,7884.2,0.0,0.0,48735.5,28499.79,0.0,0.0,683543.13,0,2140212.7733333334
2006-11-01,0.0,36772.97,523491.3,0.0,40998.5,0.0,0.0,228417.4380952381,,1618.91,205541.91,401922.57,0.0,7669.5,0.0,0.0,109186.0,21777.27,0.0,0.0,739181.99,0,2316578.358095238
2006-12-01,0.0,27047.99,384849.54,0.0,51753.6,0.0,0.0,236333.1119047619,,1959.0,233936.83,454373.13,0.0,9049.5,0.0,0.0,110896.5,34342.7,0.0,0.0,776330.26,0,2320872.1619047616
2007-01-01,0.0,36112.06,481365.9,0.0,47659.2,0.0,0.0,217344.65595238097,,1657.0,216560.79,418412.86,0.0,9659.8,0.0,0.0,118327.0,55217.79,0.0,0.0,810372.66,0,2412689.715952381
2007-02-01,0.0,35844.96,441178.9,0.0,42101.8,0.0,0.0,211149.36071428572,,1606.0,204991.91,401425.14,0.0,5162.4,0.0,0.0,89353.0,38218.66,0.0,0.0,799394.6,0,2270426.7307142857
2007-03-01,0.0,47101.77,537373.86,0.0,54082.4,0.0,0.0,264115.98333333334,,1665.0,239019.91,454731.09,0.0,7526.9,0.0,0.0,101887.5,57660.84,0.0,0.0,956680.19,0,2721845.4433333334
2007-04-01,0.0,38731.92,480634.06,0.0,44957.1,0.0,0.0,224818.87619047618,,1550.0,217536.23,403732.56,0.0,7512.6,0.0,0.0,91234.0,46865.77,0.0,0.0,758988.58,0,2316561.6961904764
2007-05-01,0.0,44730.69,624648.8,0.0,46178.5,0.0,0.0,259749.48095238098,,1458.0,224400.73,426414.71,0.0,11518.6,0.0,0.0,78331.0,47491.42,0.0,0.0,811703.69,0,2576625.620952381
2007-06-01,0.0,25509.9,666096.2,0.0,46459.4,0.0,0.0,244505.28333333335,,908.0,217473.91,390991.36,0.0,14318.3,0.0,0.0,83270.0,36586.8,0.0,0.0,720896.77,0,2447015.923333334
2007-07-01,0.0,41652.9,680178.9,0.0,55620.5,0.0,0.0,261555.62142857144,,1381.0,219874.23,416497.41,0.0,11812.2,0.0,0.0,99957.0,66993.71,0.0,0.0,721550.61,0,2577074.0814285716
2007-08-01,0.0,32132.95,529257.62,0.0,50337.0,0.0,0.0,267634.12142857147,,1571.0,236565.57,411088.53,0.0,16179.4,0.0,0.0,117265.5,36100.5,0.0,0.0,736620.9,0,2434753.0914285714
2007-09-01,0.0,21666.59,374139.35,0.0,46392.8,0.0,0.0,254081.75857142854,,1243.0,207241.84,390568.99,0.0,9016.5,0.0,0.0,101530.0,48278.98,0.0,0.0,669587.88,0,2123747.6885714284
2007-10-01,0.0,23741.47,384625.95,0.0,50839.9,0.0,0.0,264936.6595238095,,1284.0,224750.77,419001.81,0.0,13724.2,0.0,0.0,105314.0,22628.56,0.0,0.0,738702.86,0,2249550.17952381
2007-11-01,0.0,36281.17,515855.99,0.0,48631.6,0.0,0.0,250108.61190476193,,1477.0,218116.79,417490.77,0.0,13720.9,0.0,0.0,73557.0,52597.23,0.0,0.0,779547.05,0,2407384.111904762
2007-12-01,0.0,36570.14,431419.38,0.0,52596.0,0.0,0.0,253659.5285714286,,1009.0,252394.11428571425,438542.79333333333,0.0,23241.6,0.0,0.0,100226.5,47879.57,0.0,0.0,768886.87,0,2406425.496190476
2008-01-01,0.0,33627.86,433142.36,0.0,50760.2,0.0,0.0,252508.3333333333,,1989.2,213645.39,403266.74,0.0,23736.5,0.0,0.0,95308.84,43860.96,0.0,0.0,797668.91,0,2349515.293333333
2008-02-01,0.0,27023.37,430602.16,0.0,49177.79,0.0,0.0,241978.08333333334,,1282.48,215873.67,407735.55,0.0,12268.8,0.0,0.0,59523.695,43795.41,0.0,0.0,794000.25,0,2283261.258333333
2008-03-01,0.0,24535.08,433126.79,0.0,54474.23,0.0,0.0,247679.0380952381,,1282.24,233761.07,424157.28,0.0,11053.6,0.0,0.0,90591.985,33091.99,0.0,0.0,776026.79,0,2329780.0930952383
2008-04-01,0.0,28686.75,521002.28,0.0,50481.01,0.0,0.0,243178.03095238094,,1389.7,233687.28,399193.53,0.0,9701.1,0.0,0.0,107236.47,33710.99,0.0,0.0,807725.77,0,2435992.910952381
2008-05-01,0.0,30108.84,671159.46,0.0,40315.15,0.0,0.0,240798.45952380952,,1097.2,236635.85,390882.63,0.0,10184.3,0.0,0.0,108039.415,29039.12,0.0,0.0,682326.18,0,2440586.6045238096
2008-06-01,0.0,13816.19,512787.44,0.0,45117.89,0.0,0.0,242422.57142857142,,961.5,200656.57,337464.32,0.0,9387.8,0.0,0.0,109057.41,24325.03,0.0,0.0,507662.65,0,2003659.3714285716
2008-07-01,0.0,13246.41,374959.04,0.0,53791.45,0.0,0.0,243531.97142857144,,1376.0,228640.21,374847.05,0.0,12510.7,0.0,0.0,85805.5,20392.63,0.0,0.0,544399.26,0,1953500.2214285715
2008-08-01,0.0,17823.81,340442.84,0.0,52969.79,0.0,0.0,237062.51904761905,,1296.43,227499.0,378363.76,0.0,5642.2,0.0,0.0,57263.195,27582.41,0.0,0.0,556174.4,0,1902120.354047619
2008-09-01,0.0,12370.7,312823.32,0.0,44179.04,0.0,0.0,225262.4585714286,,1432.72,218214.64,367962.73,0.0,5890.8,0.0,0.0,103737.26,27685.65,0.0,0.0,557802.62,0,1877361.9385714284
2008-10-01,0.0,16819.09,327371.38,0.0,43407.77,0.0,0.0,263100.50238095236,,1192.71,238955.44,386430.4,0.0,4615.3,0.0,0.0,76022.98,19914.86,0.0,0.0,617863.13,0,1995693.5623809525
2008-11-01,0.0,29048.29,340754.09,0.0,43778.49,0.0,0.0,230092.62142857147,,737.48,238626.16,375438.69,0.0,5666.5,0.0,0.0,69055.69,40840.89,0.0,0.0,688104.11,0,2062143.0114285713
2008-12-01,0.0,28541.85,327040.5112,0.0,47251.99,0.0,0.0,245852.64523809525,,1661.95,298245.47,463343.73,0.0,12981.9,0.0,0.0,10382.57,41920.97,0.0,0.0,778953.84,0,2256177.426438095
2009-01-01,0.0,31963.02,454789.92238095234,0.0,44522.53,0.0,0.0,217372.4166666667,,1198.7,273494.16,424264.5,0.0,9922.8,0.0,0.0,94486.37,43188.98000000001,0.0,0.0,800526.47,0,2395729.8690476185
2009-02-01,0.0,38311.5,387416.95,0.0,38201.07,0.0,0.0,212038.24192799072,,1009.24,254667.7,424438.71,0.0,6520.7,0.0,0.0,95799.165,52862.619999999995,0.0,0.0,795050.51,0,2306316.4069279907
2009-03-01,0.0,59263.86,401630.02,0.0,42318.130000000005,0.0,0.0,235475.31666666668,,1385.24,290343.27999999997,434248.69,0.0,8252.9,0.0,0.0,98162.735,70567.18,0.0,0.0,865981.57,0,2507628.921666667
2009-04-01,0.0,48545.41,643776.5499999999,0.0,42656.39,0.0,0.0,209739.1738095238,,1018.24,290887.08,454265.4,0.0,9120.7,0.0,0.0,97879.98000000001,53545.560000000005,0.0,0.0,822109.7400000001,0,2673544.223809524
2009-05-01,0.0,48882.92,682916.8700000001,0.0,35798.11,0.0,0.0,221884.4661904762,,1357.9,276970.67,432401.49,0.0,7861.7,0.0,0.0,101914.67,60585.75000000001,0.0,0.0,770687.2799999999,0,2641261.8261904763
2009-06-01,0.0,27918.98,586246.02,0.0,44548.270000000004,0.0,0.0,221329.6261904762,,822.8,252551.99000000002,393140.38,0.0,4161.6,0.0,0.0,91670.865,37437.64000000001,0.0,0.0,703815.5499999999,0,2363643.7211904763
2009-07-01,0.0,37350.91,450992.66,0.0,46313.509999999995,0.0,0.0,241510.20476190475,,1649.1,283142.05,435256.08999999997,0.0,11172.6,0.0,0.0,110163.57,55471.149999999994,0.0,0.0,740868.09,0,2413889.9347619046
2009-08-01,0.0,32129.06,535359.83,0.0,39851.2,0.0,0.0,232174.10952380954,,1458.48,267830.84,409182.96,0.0,10701.3,0.0,0.0,74197.31,37735.48,0.0,0.0,692376.6999999998,0,2332997.2695238097
2009-09-01,0.0,31422.61,545203.2999999999,0.0,34686.54,0.0,0.0,225886.4261904762,,1285.3,248994.41999999998,420238.71,0.0,7926.6,0.0,0.0,72632.725,29161.170000000006,0.0,0.0,687435.1000000001,0,2304872.901190476
2009-10-01,0.0,25594.66,643683.55,0.0,37554.44,0.0,0.0,235899.13333333336,,1003.0,269008.52,421753.29000000004,0.0,10994.0,0.0,0.0,94084.43,54414.0,0.0,0.0,775739.56,0,2569728.5833333335
2009-11-01,0.0,44273.35,525804.7999999999,0.0,37672.78999999999,0.0,0.0,232172.83333333337,,1412.9,212149.905,391754.81,0.0,15251.9,0.0,0.0,77337.315,42512.45,0.0,0.0,738678.6499999999,0,2319021.703333333
2009-12-01,0.0,31718.719999999998,457616.74000000005,0.0,44690.11,0.0,0.0,215923.37857142853,,1461.0,296805.29000000004,449842.29000000004,0.0,10317.6,0.0,0.0,80620.815,50398.46000000001,0.0,0.0,891670.4099999999,0,2531064.8135714284
2010-01-01,0.0,31511.410000000003,391820.19,0.0,41227.21,0.0,0.0,228078.62380952382,,850.0,243341.49000000002,389068.41,0.0,10204.3,0.0,0.0,83732.935,32292.300000000003,0.0,0.0,777741.3400000001,0,2229868.208809524
2010-02-01,0.0,30767.710000000003,451749.94,0.0,35844.67,0.0,0.0,214409.6857142857,,1397.0,248207.93000000002,391195.69000000006,0.0,9408.7,0.0,0.0,91255.01,30991.629999999997,0.0,0.0,807692.1,0,2312920.0657142857
2010-03-01,0.0,27017.079999999998,384792.99,0.0,44598.5,0.0,0.0,242081.58571428573,,1329.0,320985.41000000003,465664.59,0.0,33330.7,0.0,0.0,79706.60500000001,55580.16,0.0,0.0,1017058.18,0,2672144.8007142856
2010-04-01,0.0,24699.45,331373.92,0.0,45127.020000000004,0.0,0.0,216150.6666666667,,1098.0,254872.61000000002,387063.18,0.0,3894.5,0.0,0.0,77061.26999999999,24069.940000000002,0.0,0.0,762770.0099999999,0,2128180.5666666664
2010-05-01,0.0,20105.26,365270.01,0.0,37381.07,0.0,0.0,215523.5380952381,,957.0,238903.31,381811.17999999993,0.0,4776.0,0.0,0.0,87377.4,55436.63999999999,0.0,0.0,721668.1799999999,0,2129209.5880952384
2010-06-01,0.0,13669.009999999998,344237.89,0.0,38418.83,0.0,0.0,226415.07380952383,,940.0,251896.38999999998,385981.1,0.0,9185.7,0.0,0.0,86113.28,55113.229999999996,0.0,0.0,683236.54,0,2095207.043809524
2010-07-01,0.0,10977.1,291849.32999999996,0.0,47085.53,0.0,0.0,243063.35,,1094.0,278700.49,422481.8,0.0,8863.1,0.0,0.0,45959.649999999994,38570.84999999999,0.0,0.0,721584.6000000001,0,2110229.8
2010-08-01,0.0,10044.77,212469.47,0.0,45197.119999999995,0.0,0.0,245908.4166666667,,1279.0,268917.79,410176.38999999996,0.0,6961.3,0.0,0.0,95323.085,12877.010000000002,0.0,0.0,695796.3300000001,0,2004950.6816666666
2010-09-01,0.0,19136.32,211385.25,0.0,36057.490000000005,0.0,0.0,233404.89523809525,,1694.0,266975.25,396429.75,0.0,9110.6,0.0,0.0,89908.225,57336.39,0.0,0.0,687553.88,0,2008992.0502380952
2010-10-01,0.0,23496.93,216834.49,0.0,38697.1,0.0,0.0,236852.34523809527,,777.0,275031.20999999996,418305.07000000007,0.0,5718.6,0.0,0.0,63264.575,46381.130000000005,0.0,0.0,745415.5100000001,0,2070773.9602380954
2010-11-01,0.0,24354.93,251863.66,0.0,33407.71,0.0,0.0,255841.84523809527,,1538.0,273452.94,409652.73,0.0,10443.0,0.0,0.0,71750.745,23969.940000000002,0.0,0.0,785917.4000000001,0,2142192.9002380953
2010-12-01,0.0,21599.07,156863.43,0.0,41025.05,0.0,0.0,251825.20476190478,,1124.0,320807.17,466766.78,0.0,10620.7,0.0,0.0,94478.945,53169.70999999999,0.0,0.0,843762.0,0,2262042.0597619046
2011-01-01,0.0,17369.797142857144,264151.17600000004,0.0,30823.29,0.0,0.0,244328.91428571424,,1295.0,285089.04000000004,411737.32999999996,0.0,12512.0,0.0,0.0,106612.99,49396.74,0.0,0.0,850696.7899999999,0,2274013.067428571
2011-02-01,0.0,20587.760000000002,259856.16999999998,0.0,26917.519999999997,0.0,0.0,228478.99523809523,,940.0,269301.38,391131.1,0.0,11411.5,0.0,0.0,100367.74,39015.88,0.0,0.0,819940.5,0,2167948.5452380953
2011-03-01,0.0,25683.064761904763,395111.72,0.0,34478.8,0.0,0.0,255792.9166666667,,1475.0,281453.75,393160.91,0.0,11433.8,0.0,0.0,118505.585,52874.840000000004,0.0,0.0,900485.91,0,2470456.2964285715
2011-04-01,0.0,29703.34380952381,539928.5700000001,0.0,34179.8,0.0,0.0,237582.67619047617,,1107.0,285598.37,386749.27,0.0,12796.6,0.0,0.0,106152.20000000001,34616.09,0.0,0.0,797527.23,0,2465941.1500000004
2011-05-01,0.0,32700.989999999998,501342.97,0.0,33669.09,0.0,0.0,247975.2761904762,,1100.0,253277.88,371876.74999999994,0.0,10823.6,0.0,0.0,97113.61,76408.92000000001,0.0,0.0,803849.5299999999,0,2430138.616190476
2011-06-01,0.0,24786.050952380952,638939.11,0.0,37037.4,0.0,0.0,247082.27619047623,,1100.0,290137.49000000005,380800.43,0.0,9444.8,0.0,0.0,101035.11,46048.92,0.0,0.0,729676.79,0,2506088.3771428573
2011-07-01,0.0,22142.31952380952,251734.87,0.0,44313.17,0.0,0.0,259033.88809523807,,1295.0,279283.36,389294.64,0.0,14646.3,0.0,0.0,71758.995,44432.82,0.0,0.0,718255.06,0,2096190.4226190476
2011-08-01,0.0,17414.86,333071.69,0.0,42315.36,0.0,0.0,259688.74285714282,,1467.0,256380.26999999996,408494.50999999995,0.0,10424.1,0.0,0.0,74518.89499999999,39157.53,0.0,0.0,699736.08,0,2142669.0378571427
2011-09-01,0.0,14666.966904761905,238864.67,0.0,36043.04,0.0,0.0,251882.53571428574,,1100.0,256728.25000000003,380453.23,0.0,9715.8,0.0,0.0,63847.96,39066.8,0.0,0.0,660384.9299999999,0,1952754.1826190474
2011-10-01,0.0,13711.350952380952,239305.91000000003,0.0,37096.07,0.0,0.0,262255.1380952381,,745.0,242071.00999999998,381309.5,0.0,10170.3,0.0,0.0,48561.315,39973.10999999999,0.0,0.0,672214.9299999999,0,1947413.6340476188
2011-11-01,0.0,31593.721904761904,229497.47999999998,0.0,38064.86,0.0,0.0,252218.2142857143,,1283.0,231413.83,381871.84,0.0,10071.9,0.0,0.0,99849.53,44374.420000000006,0.0,0.0,794507.24,0,2114746.0361904763
2011-12-01,0.0,25774.41738095238,215079.84000000003,0.0,41929.61,0.0,0.0,263892.43333333335,,1295.0,291678.03,449904.1,0.0,13089.6,0.0,0.0,88815.54000000001,57943.79000000001,0.0,0.0,862318.7999999999,0,2311721.160714286
2012-01-01,0.0,28849.11,199651.92,0.0,39631.6,0.0,0.0,242524.89857142858,,1100.0,261933.68,393781.93999999994,0.0,11596.5,0.0,0.0,77569.36,44982.71000000001,0.0,0.0,814956.7200000001,0,2116578.438571429
2012-02-01,0.0,22730.378095238095,295550.29000000004,0.0,34550.67,0.0,0.0,243810.9523809524,,1295.0,253733.21999999997,402633.55,0.0,9916.7,0.0,0.0,83515.025,49337.47,0.0,0.0,848067.2499999999,0,2245140.5054761907
2012-03-01,0.0,30672.079761904763,351951.01999999996,0.0,49247.79,0.0,0.0,270906.08380952384,,1467.0,290286.65,429534.5,0.0,162.77000000000044,0.0,0.0,103215.64,44877.18,0.0,0.0,925065.27,0,2497385.983571429
2012-04-01,0.0,27048.123333333333,311653.42,0.0,34435.19,0.0,0.0,249493.65857142862,,1100.0,262615.27999999997,389264.01999999996,0.0,5720.829999999998,0.0,0.0,94102.14,42650.81999999999,0.0,0.0,792201.73,0,2210285.211904762
2012-05-01,0.0,22351.300952380952,492974.58999999997,0.0,18507.79,0.0,0.0,261657.40666666668,,1300.0,235374.04,405877.41000000003,0.0,39069.95,0.0,0.0,77341.935,52170.979999999996,0.0,0.0,771542.4700000001,0,2378167.8726190478
2012-06-01,0.0,15219.558095238095,325999.25,0.0,10812.2,0.0,0.0,255333.42619047622,,917.0,261012.58000000002,409111.24,0.0,44022.369999999995,0.0,0.0,97728.95000000001,31694.109999999993,0.0,0.0,712464.94,0,2164315.6242857147
2012-07-01,0.0,21946.126904761906,308473.06999999995,0.0,24927.2,0.0,0.0,271101.9361904762,,1307.0,233061.34999999998,420370.60000000003,0.0,35388.97,0.0,0.0,75956.815,51140.35999999999,0.0,0.0,699130.0399999999,0,2142803.468095238
2012-08-01,0.0,22014.808095238095,343321.81999999995,0.0,22370.8,0.0,0.0,280184.26857142855,,1283.0,259165.94,433828.01999999996,0.0,31964.768,0.0,0.0,96820.68,46292.7,0.0,0.0,716720.36,0,2253967.1646666666
2012-09-01,0.0,19861.060952380954,285599.63,0.0,17089.8,0.0,0.0,268875.09523809527,,1124.0,228205.77,378478.8,0.0,30052.010000000002,0.0,0.0,61612.649999999994,40445.17,0.0,0.0,632120.3700000001,0,1963464.3561904766
2012-10-01,0.0,15420.119999999999,359066.7,0.0,19378.9,0.0,0.0,297829.17404761905,,1307.0,261347.22,414523.22000000003,0.0,28278.43,0.0,0.0,110937.97,36948.68,0.0,0.0,728414.8799999999,0,2273452.294047619
2012-11-01,0.0,20434.774285714288,394482.14,0.0,18005.6,0.0,0.0,303422.01238095236,,1100.0,272657.82,394751.47,0.0,31373.64,0.0,0.0,27937.8,40052.76,0.0,0.0,812523.4400000001,0,2316741.456666667
2012-12-01,0.0,20346.53,317771.57999999996,0.0,19827.4,0.0,0.0,281757.5619047619,,1195.2,310407.04,442191.42999999993,0.0,32533.44,0.0,0.0,22090.77,56283.490000000005,0.0,0.0,848262.93,0,2352667.3719047615
2013-01-01,0.0,12205.94,197658.18,0.0,38605.36,0.0,0.0,291843.99761904764,,1489.48,287985.59,408557.45,0.0,13242.55,0.0,0.0,97515.33,39542.91999999999,0.0,0.0,863769.4099999999,0,2252416.2076190477
2013-02-01,0.0,14270.12,222606.1,0.0,28448.02,0.0,0.0,253221.89285714284,,1226.62,259659.66,361215.69,0.0,16355.46,0.0,0.0,81654.54000000001,22225.019999999997,0.0,0.0,808853.9700000001,0,2069737.092857143
2013-03-01,0.0,23907.33,289422.67,0.0,32505.06,0.0,0.0,286869.62142857147,,924.0,313075.44999999995,413744.8599999999,0.0,16675.0,0.0,0.0,131379.05,50215.89,0.0,0.0,898352.2,0,2457071.1314285714
2013-04-01,0.0,23075.019999999997,328809.8,0.0,32725.43,0.0,0.0,287216.30333333334,,1100.0,330070.65,409238.3,0.0,15424.52,0.0,0.0,73378.08499999999,41087.97,0.0,0.0,966103.9199999999,0,2508229.998333333
2013-05-01,0.0,20716.42,434716.64999999997,0.0,32306.94,0.0,0.0,301770.5254761905,,1173.74,313131.36,403354.79,0.0,13608.37,0.0,0.0,99652.685,34639.09999999999,0.0,0.0,827601.25,0,2482671.8304761904
2013-06-01,0.0,19145.309999999998,384549.94,0.0,25064.370000000003,0.0,0.0,275921.36904761905,,1383.35,287596.64,402012.07,0.0,17894.0,0.0,0.0,113554.65,41706.22,0.0,0.0,775187.12286,0,2344015.041907619
2013-07-01,0.0,19516.84,286369.33,0.0,35532.69,0.0,0.0,292790.10476190475,,1001.07,314185.61,425154.22000000003,0.0,21247.0,0.0,0.0,111798.06,40114.18,0.0,0.0,732544.52,0,2280253.624761905
2013-08-01,0.0,16534.02,284525.32,0.0,34875.26,0.0,0.0,282844.3190476191,,1467.0,288400.67,416968.14999999997,0.0,16948.0,0.0,0.0,100883.255,43009.3,0.0,0.0,773147.9,0,2259603.194047619
2013-09-01,0.0,10189.82,191796.17,0.0,33980.81,0.0,0.0,278403.4202380952,,1283.0,249357.41999999998,379479.78,0.0,8640.0,0.0,0.0,75989.1,38110.229999999996,0.0,0.0,672125.1600000001,0,1939354.9102380953
2013-10-01,0.0,10352.81,200089.72,0.0,33725.62,0.0,0.0,285195.0119047619,,1298.98,314518.72000000003,430179.69,0.0,15461.0,0.0,0.0,62188.170000000006,37081.20000000001,0.0,0.0,800049.1200000001,0,2190140.041904762
2013-11-01,0.0,10990.54,182327.92,0.0,37678.380000000005,0.0,0.0,253022.22547619048,,587.21,306638.45,404692.46,0.0,16521.0,0.0,0.0,96463.73000000001,37046.09999999999,0.0,0.0,821457.4500000001,0,2167425.4654761907
2013-12-01,0.0,14139.03,137481.49,0.0,31020.65,0.0,0.0,282335.4695238095,,1284.0,339969.85,448135.35,0.0,20137.0,0.0,0.0,82518.64499999999,48041.71000000001,0.0,0.0,860351.9000000001,0,2265415.09452381
2014-01-01,0.0,47657.130000000005,150401.55,0.0,35071.79,0.0,0.0,288260.8042857143,,1504.0,312139.77,412617.92999999993,0.0,16452.26,0.0,0.0,110646.305,37212.009999999995,0.0,0.0,917251.54,0,2329215.0892857146
2014-02-01,0.0,22039.43,191584.66,0.0,23696.100000000002,0.0,0.0,304312.1285714286,,1283.0,312142.65,385430.58,0.0,14441.12,0.0,0.0,105986.1,46110.10999999999,0.0,0.0,890362.3099999999,0,2297388.1885714284
2014-03-01,0.0,12159.869999999999,254936.96,0.0,39327.740000000005,0.0,0.0,284201.430952381,,1132.4,335869.63,434863.95999999996,0.0,16527.3,0.0,0.0,107499.64499999999,36453.76000000001,0.0,0.0,1004937.39,0,2527910.085952381
2014-04-01,0.0,22675.6,293648.05000000005,0.0,38975.79,0.0,0.0,250902.8311904762,,329.0,349155.29999999993,437470.06999999995,0.0,15600.0,0.0,0.0,94527.235,41751.04000000001,0.0,0.0,972039.4199999999,0,2517074.336190476
2014-05-01,0.0,22036.88,295075.17000000004,0.0,29820.269999999997,0.0,0.0,305911.84047619044,,1162.98,332737.37,427487.20000000007,0.0,18620.1,0.0,0.0,105266.205,43299.79999999999,0.0,0.0,877263.31,0,2458681.125476191
2014-06-01,0.0,20863.920000000002,211036.28,0.0,36833.13,0.0,0.0,285640.4357142857,,733.0,303016.82,387299.1,0.0,21987.5,0.0,0.0,109708.83,41730.57000000001,0.0,0.0,733508.7,0,2152358.2857142854
2014-07-01,0.0,20046.620000000006,312203.05999999994,0.0,41291.71,0.0,0.0,289827.59857142856,,1502.4,344659.64,439137.13,0.0,22146.219999999998,0.0,0.0,101908.84000000001,46099.119999999995,0.0,0.0,826918.8099999999,0,2445741.1485714284
2014-08-01,0.0,24450.239999999998,406297.44999999995,0.0,10476.4,0.0,0.0,272617.59714285715,,1466.7,326356.06000000006,442953.10000000003,0.0,43792.26,0.0,0.0,101477.53,53158.86,0.0,0.0,793694.01,0,2476740.2071428574
2014-09-01,0.0,16173.57,229889.08,0.0,8012.4,0.0,0.0,271079.5947619048,,550.0,371327.13000000006,411466.28,0.0,37824.530000000006,0.0,0.0,81213.015,36119.869999999995,0.0,0.0,728498.8400000001,0,2192154.309761905
2014-10-01,0.0,10066.11,291536.98,0.0,9170.9,0.0,0.0,337006.14452380955,,183.3,343812.67,459922.48,0.0,44198.4,0.0,0.0,101071.19,53692.16,0.0,0.0,836278.1200000001,0,2486938.4545238097
2014-11-01,0.0,17687.89,190635.69999999998,0.0,7357.7,0.0,0.0,303666.7042857143,,190.5,343918.56000000006,436467.89999999997,0.0,42604.50000000001,0.0,0.0,116686.01999999999,49256.09,0.0,0.0,885713.74,0,2394185.3042857144
2014-12-01,0.0,16337.76,211555.82,0.0,39959.47,0.0,0.0,311419.96047619043,,1142.9,464223.15,538899.26,0.0,19815.75,0.0,0.0,119369.79999999999,60321.90000000001,0.0,0.0,1021378.09,0,2804423.8604761907
2015-01-01,0.0,14013.059999999998,243511.91999999998,0.0,41308.34,0.0,0.0,317220.9128571428,,1353.8,419102.71999999986,503135.7,0.0,12126.41,0.0,0.0,76805.245,40255.58,0.0,0.0,1014706.21,0,2683539.8978571426
2015-02-01,0.0,10763.45,189006.84000000003,0.0,32165.25,0.0,0.0,315364.3633333333,,958.4,398167.69000000006,454190.88,0.0,28906.68,0.0,0.0,88685.685,41687.16,0.0,0.0,980149.84,0,2540046.2383333333
2015-03-01,0.0,26761.09,253562.02000000002,0.0,38204.729999999996,0.0,0.0,338142.3171428571,,1478.49,457246.13999999996,521879.26,0.0,16930.559999999998,0.0,0.0,107757.21,54482.32000000001,0.0,0.0,1142551.0599999998,0,2958995.1971428567
2015-04-01,0.0,17237.769999999997,318449.80000000005,0.0,39177.71,0.0,0.0,320920.8838095238,,1119.05,413451.11,486779.41000000003,0.0,9165.789999999994,0.0,0.0,112963.4,34156.09,0.0,0.0,1011167.74,0,2764588.753809524
2015-05-01,0.0,14038.740000000002,367017.50999999995,0.0,34301.53,0.0,0.0,328177.80380952376,,952.43,415570.94999999995,483594.8300000001,0.0,19259.07,0.0,0.0,92041.345,40588.91,0.0,0.0,944316.6599999999,0,2739859.778809523
2015-06-01,0.0,13095.630000000001,315322.36,0.0,39977.57000000001,0.0,0.0,331140.04571428575,,772.0300000000001,414466.18,480892.11000000004,0.0,16406.36,0.0,0.0,112288.54999999999,35207.32000000001,0.0,0.0,880016.47,0,2639584.6257142858
2015-07-01,0.0,16218.35,350976.98000000004,0.0,42322.79,0.0,0.0,363251.95999999996,,1658.2,440729.52999999997,515322.6599999999,0.0,19274.98,0.0,0.0,106971.26,31447.0,0.0,0.0,902586.3600000001,0,2790760.07
2015-08-01,0.0,14732.029999999999,519237.36,0.0,40414.69,0.0,0.0,333215.60714285716,,1121.88,439588.9,513413.0,0.0,14996.02,0.0,0.0,108392.46,43883.149999999994,0.0,0.0,887796.8499999999,0,2916791.947142857
2015-09-01,0.0,9560.41,342909.32999999996,0.0,32730.8,0.0,0.0,364351.758095238,,1122.19,422826.5854761905,501658.0433333333,0.0,14495.48,0.0,0.0,96179.21500000001,34526.1,0.0,0.0,734654.215,0,2555014.1269047614
2015-10-01,0.0,7632.56,304037.54714000004,0.0,37102.3,0.0,0.0,364469.5457142857,,928.57,448971.87999999995,532741.14,0.0,16644.12,0.0,0.0,79944.15,38501.06,0.0,0.0,834285.95,0,2665258.822854286
2015-11-01,0.0,10137.170000000002,209107.13999999998,0.0,41450.5,0.0,0.0,353643.0785714286,,952.4,423841.81999999995,516486.95,0.0,15712.24,0.0,0.0,77375.20999999999,32446.1,0.0,0.0,925430.9999999999,0,2606583.6085714283
2015-12-01,0.0,9475.849999999999,184791.46,0.0,43851.689999999995,0.0,0.0,355233.6490476191,,1113.18,499839.17,600161.72,0.0,18892.21,0.0,0.0,91440.745,36934.5,0.0,0.0,1047478.84,0,2889213.014047619
2016-01-01,0.0,5542.279999999999,262150.77,0.0,38680.600000000006,0.0,0.0,346510.69,,952.98,433180.33999999997,545737.53,0.0,16499.030000000002,0.0,0.0,100703.07500000001,33641.0,0.0,0.0,1084043.6300000001,0,2867641.9250000003
2016-02-01,0.0,5939.92,242970.07,0.0,40215.130000000005,0.0,0.0,368854.91,,1143.69,450916.35,540459.19,0.0,13267.85,0.0,0.0,88817.51999999999,28012.300000000003,0.0,0.0,1055672.6400000001,0,2836269.5700000003
2016-03-01,0.0,5301.470000000001,312624.83999999997,0.0,43123.03,0.0,0.0,372223.02,,1181.455,486255.94000000006,575720.92,0.0,19388.309999999998,0.0,0.0,69957.47,31366.0,0.0,0.0,1107296.65,0,3024439.1049999995
2016-04-01,0.0,13098.881666666668,305191.04999999993,0.0,37842.689999999995,0.0,0.0,357082.97,,954.36,467472.2,545605.47,0.0,16511.55,0.0,0.0,80123.725,13357.0,0.0,0.0,1149175.1921428572,0,2986415.0888095237
2016-05-01,0.0,8723.98,415456.18,0.0,37138.19,0.0,0.0,377622.44,,1142.9,468710.37999999995,551000.79,0.0,19928.338,0.0,0.0,87793.2,40423.0,0.0,0.0,1019984.4000000001,0,3027923.7980000004
2016-06-01,0.0,3707.2799999999997,292566.82999999996,0.0,39135.65,0.0,0.0,355848.45,,952.4,450758.18000000005,537583.25,0.0,19761.88,0.0,0.0,74829.64499999999,28875.0,0.0,0.0,888538.1,0,2692556.665
2016-07-01,0.0,2287.9300000000003,213537.63,0.0,42271.27,0.0,0.0,350429.26,,948.56,465270.48000000004,562778.84,0.0,18463.789999999997,0.0,0.0,104878.345,30961.5,0.0,0.0,883716.04,0,2675543.6450000005
2016-08-01,0.0,5385.99,126708.78,0.0,44360.08,0.0,0.0,363857.15,,1344.69,485995.83,585748.5,0.0,19426.8,0.0,0.0,105941.22,35543.600000000006,0.0,0.0,866270.02,0,2640582.66
2016-09-01,0.0,7526.620000000001,156889.88999999998,0.0,33788.7,0.0,0.0,356425.61,,947.6,456946.75,548491.65,0.0,18463.5,0.0,0.0,90718.045,37205.149999999994,0.0,0.0,877800.5599999999,0,2585204.0749999997
2016-10-01,0.0,9087.66,208164.87999999998,0.0,37341.630000000005,0.0,0.0,373506.36,,1358.2099999999998,476277.64,573754.73,0.0,18939.67,0.0,0.0,68187.295,48088.25,0.0,0.0,916410.7,0,2731117.0249999994
2016-11-01,0.0,9638.42,224643.27999999997,0.0,38112.71,0.0,0.0,372904.63,,750.9,463726.20999999996,547323.5299999999,0.0,18143.4,0.0,0.0,76857.99,37957.0,0.0,0.0,1019671.97,0,2809730.0399999996
2016-12-01,0.0,10826.71,227241.47000000003,0.0,45344.23,0.0,0.0,372690.46,,974.3,524242.31000000006,615251.51,0.0,23909.55,0.0,0.0,188037.451,45686.0,0.0,0.0,1113827.0999999999,0,3168031.091
2017-01-01,0.0,5564.6,268741.13,0.0,57975.62,743150.08,336189.22,358706.82,,1188.53,477291.93,546212.16,0.0,4453.57,0.0,0.0,118557.34,27089.0,0.0,51.93,0.0,0,2945171.93
2017-02-01,0.0,3689.22,200718.22,0.0,57092.07,850327.72,202208.29,357497.97,,964.14,453665.32,526888.94,0.0,248.63,0.0,0.0,70714.66,33909.0,0.0,49.11,0.0,0,2757973.2899999996
2017-03-01,0.0,8912.83,146747.21,0.0,59574.15,985397.09,231026.33,351791.93,,1199.4,523943.6,592249.34,0.0,214.24,0.0,0.0,102621.01,52165.0,0.0,88.86,0.0,0,3055930.9899999998
2017-04-01,0.0,6841.66,173685.84,0.0,64589.03,862868.15,169945.14,360957.7,,1023.25,500063.03,530345.96,0.0,129.95,0.0,0.0,198383.91,43273.0,0.0,36.8,0.0,0,2912143.42
2017-05-01,0.0,8988.46,154619.14,0.0,59893.27,834275.34,200530.9,377492.16,,976.19,516884.37,588861.62,0.0,259.57,0.0,0.0,212011.7,45402.0,0.0,50.28,0.0,0,3000244.9999999995
2017-06-01,0.0,12939.27,140581.12,0.0,65459.68,711973.27,185538.62,378328.46,,952.38,478491.95,549378.05,0.0,116.01,0.0,0.0,184171.01,41171.92,0.0,61.51,0.0,0,2749163.249999999
2017-07-01,0.0,12151.22,119185.53,0.0,71848.17,751633.8,187253.84,369948.64,,0.0,521730.41,607702.7,0.0,423.28,0.0,0.0,242807.96,45818.75,0.0,47.6,0.0,0,2930551.9
2017-08-01,0.0,18295.85,147847.74,0.0,71939.54,760201.87,189986.27,385834.28,,1142.85,514086.57,604650.34,0.0,277.29,0.0,0.0,247198.62,62667.5,0.0,50.77,0.0,0,3004179.49
2017-09-01,0.0,20824.19,146741.02,0.0,50257.31,712454.6,181908.98,378372.71,,964.29,492618.55,560892.67,0.0,332.46,0.0,0.0,184904.64,60278.5,0.0,47.21,0.0,0,2790597.1300000004
2017-10-01,0.0,25225.22,135560.6,0.0,61015.54,752527.69,183458.48,393901.92,,952.38,512762.32,583658.83,0.0,211.74,0.0,0.0,113926.54,89116.09,0.0,0.0,0.0,0,2852317.35
2017-11-01,0.0,38383.06,115709.19,0.0,61290.82,848964.17,189634.09,409374.96,,1340.26,510631.29,563345.61,0.0,204.43,0.0,0.0,146069.01,41866.5,0.0,73.33,0.0,0,2926886.7199999997
2017-12-01,0.0,31978.3,129000.72,0.0,68044.92,1101478.59,16232.86,404673.35,,1126.19,574097.7,635423.76,0.0,108.69,0.0,0.0,177572.34,89124.29,0.0,28.88,0.0,0,3228890.5899999994
2018-01-01,0.0,24744.76,122349.08,0.0,68372.98,1105628.89,15763.64,421848.92,,1142.24,528763.3,581802.98,0.0,770.4,0.0,0.0,173232.25,79652.0,0.0,57.2,0.0,0,3124128.6399999997
2018-02-01,0.0,21717.4,78815.78,0.0,54920.54,1072071.67,14687.22,379239.07,,951.6,502041.67,545210.0,0.0,404.74,0.0,0.0,109496.87,73770.0,0.0,87.73,0.0,0,2853414.2900000005
2018-03-01,0.0,22287.44,158722.77,0.0,67891.4,1194136.18,15893.32,415125.9,,1007.52,571052.13,618402.18,0.0,204.26,0.0,0.0,274273.3,49749.0,0.0,67.08,0.0,0,3388812.48
2018-04-01,0.0,24880.3,149741.63,0.0,65835.66,1108452.97,14929.78,370434.61,,1404.69,526979.67,565665.72,0.0,422.67,0.0,0.0,273396.67,88761.0,0.0,43.27,0.0,0,3190948.64
2018-05-01,0.0,34587.38,188452.23,0.0,61285.5,1009750.15,7736.86,403094.74,,723.79,544395.17,570129.66,0.0,671.9,0.0,0.0,175846.1,77485.0,0.0,36.49,0.0,0,3074194.9700000007
2018-06-01,0.0,40679.67,182142.23,0.0,67706.76,930065.0,7816.91,390070.17,,561.38,518911.44,554431.5,0.0,383.47,0.0,0.0,159409.05,76489.0,0.0,88.11,0.0,0,2928754.69
2018-07-01,0.0,54625.85,156567.44,0.0,67215.08,950343.54,8053.83,381128.08,,380.95,541811.12,589775.97,0.0,366.65,0.0,0.0,102500.59,102153.5,0.0,52.01,0.0,0,2954974.61
2018-08-01,0.0,50840.69,184168.24,0.0,72586.2,991818.15,8812.43,407124.75,,1000.0,570224.11,593659.63,0.0,427.19,0.0,0.0,204237.65,83143.62,0.0,59.71,0.0,0,3168102.3699999996
2018-09-01,0.0,45219.25,124107.4,0.0,59624.17,882303.53,7081.41,385717.79,,1000.0,531285.29,551547.83,0.0,96.65,0.0,0.0,261284.38,93004.0,0.0,48.54,0.0,0,2942320.2399999998
2018-10-01,0.0,47762.3,120634.52,0.0,66392.11,969095.04,8587.08,408674.34,,952.38,573751.47,579474.43,0.0,187.64,0.0,0.0,307141.02,70523.0,0.0,59.76,0.0,0,3153235.0900000003
2018-11-01,0.0,47250.31,100763.5,0.0,73529.19,1061941.91,7844.21,408049.58,,1142.86,563417.57,573687.35,0.0,271.84,0.0,0.0,286935.32,81713.0,0.0,68.01,0.0,0,3206614.6499999994
2018-12-01,0.0,31557.54,109649.86,0.0,79674.76,1106130.25,8369.53,421872.09,,952.38,632670.17,654281.25,0.0,272.91,0.0,0.0,311858.76,94593.0,0.0,57.8,0.0,0,3451940.3
2019-01-01,21985.77,29531.29,126995.23,26.66,75489.04,1152941.52,8625.62,426164.22,,1000.5,596682.74,601717.9,595.4,259.2,475.49,286.57,165807.89,82300.0,7412.33,0.0,0.0,0,3298297.37
2019-02-01,18854.82,44387.57,131720.66,25.75,63990.69,1103352.49,7269.33,404053.32,,976.19,559109.22,565421.02,631.57,-35.69,1911.93,120.08,152000.02,98063.0,7078.95,0.0,0.0,0,3158930.9200000004
2019-03-01,19205.26,63919.13,161958.51,0.0,70377.9,1228025.33,8943.32,432549.41,,1053.27,645266.77,610720.58,347.8,104.14,2170.21,251.71,342482.2,127462.0,7840.52,0.0,0.0,0,3722678.0600000005
2019-04-01,18390.76,43899.02,155505.08,873.32,70541.87,1160078.1,7643.39,417080.81,,0.01,657570.18,598932.3,552.97,-48.13,1944.32,15.13,343735.26,108573.0,6143.69,0.0,0.0,0,3591431.0799999996
2019-05-01,22640.1,66588.87,241799.0,745.79,67768.53,1134693.17,9781.63,430995.64,,1074.42,666748.63,611615.32,322.89,-73.5,2658.48,61.08,351666.55,121253.0,8595.0,0.0,0.0,0,3738934.5999999996
2019-06-01,20117.45,49691.28,119080.49,919.24,67452.06,1012025.47,8360.35,404857.54,,1003.81,641136.56,595748.38,296.94,86.0,,4.12,319891.51,112667.0,7438.84,0.0,0.0,0,3360777.04
2019-07-01,20426.91,74347.22,162132.04,35.42,76715.52,1030640.68,8936.2,424423.26,,1099.07,650150.78,615538.33,366.54,10.89,3134.83,-22.46,198491.88,135670.0,8447.45,0.0,0.0,0,3410544.5600000005
2019-08-01,22578.56,77017.06,139018.36,0.0,66531.06,1070193.1,9041.15,427115.42,,1122.94,668783.39,632420.7,394.36,73.6,952.38,7.26,170236.68,129913.0,8685.14,0.0,0.0,0,3424084.16
2019-09-01,18104.32,62918.62,114031.0,0.0,56736.35,973347.44,8446.19,404796.02,,935.26,616079.3,587866.84,306.28,80.42,2215.06,13.98,142986.06,130578.0,8413.38,0.0,0.0,0,3127854.5199999996
2019-10-01,21550.86,69868.8,37172.27,0.0,61731.51,1043671.53,9433.36,438940.12,,1193.1,669008.77,643045.33,391.11,193.57,2499.43,21.74,225348.5,132696.0,9481.17,0.0,0.0,0,3366247.1700000004
2019-11-01,18951.08,57250.41,123349.49,0.0,63858.3,1122705.55,8998.01,434082.5,,1125.97,643070.35,620568.21,397.0,-1893.08,2479.15,30.35,290391.95,107489.0,13815.26,0.0,0.0,0,3506669.5
2019-12-01,19079.56,22845.74,104506.78,0.0,39030.48,1175736.83,9456.65,435023.03,,1043.74,706020.77,682475.14,304.36,35074.25,2899.75,55.04,294706.32,83915.0,8004.56,0.0,0.0,0,3620178.0
2020-01-01,23464.54,12977.57,135120.36,0.0,67346.0,1186462.54,9523.25,423298.64,,1137.95,639977.66,622328.27,546.42,172.09,2645.63,28.01,307317.12,64486.0,9111.42,0.0,0.0,0,3505943.4699999993
2020-02-01,19558.92,23258.89,149397.86,0.0,58608.78,1233041.29,9821.78,428255.71,,958.33,652062.07,633100.05,354.64,85.69,2604.12,16.73,248778.51,104545.19,9281.12,0.0,0.0,0,3573729.68
2020-03-01,17452.96,19587.38,104645.28,0.0,37280.42,1100523.05,10445.97,422280.83,,946.43,573549.42,509753.28,377.36,4210.85,1267.79,6.83,306511.61,106949.57,8888.12,0.0,0.0,0,3224677.1500000004
2020-04-01,13476.06,17494.2,79036.62,0.0,13870.41,867182.03,5620.48,348233.68,,452.38,458465.21,391768.4,362.79,24.66,,6.84,310990.98,53000.0,6706.35,0.0,0.0,0,2566691.09
2020-05-01,13806.3,35550.36,134103.34,0.0,17776.74,827900.79,4099.92,369735.63,,380.95,478743.59,407477.83,253.45,49.98,,31.18,366963.69,81524.0,7285.7,0.0,0.0,0,2745683.4500000007
2020-06-01,17166.66,33842.05,107345.67,0.0,17381.3,782070.61,7406.06,406972.21,,462.88,516903.12,388963.67,268.12,48.89,,51.15,327627.6,70605.0,7672.9,0.0,0.0,0,2684787.89
2020-07-01,18365.11,43939.07,119258.18,0.0,19154.5,869958.85,5067.16,426492.7,,571.45,567089.03,462383.95,547.48,60.46,,25.44,281593.37,86576.0,9327.62,0.0,0.0,0,2910410.37
2020-08-01,21876.84,33601.74,127745.14,0.0,19506.82,885700.28,9764.89,487310.95,,1017.1,647410.51,574379.33,385.18,165.93,,12.4,274835.24,94364.0,7451.79,0.0,0.0,0,3185528.1400000006
2020-09-01,21881.04,26005.63,120468.17,,20238.47,958815.97,9735.38,442751.96,,948.8,661633.46,610445.1,509.0,60.71,356.4,35.69,158485.71,95762.0,11629.83,0.0,0.0,0,3139763.32
2020-10-01,22655.03,37876.73,111011.11,0.0,29115.9,1064018.8,16475.25,462210.97,,1142.86,680401.33,648582.82,468.37,169.19,,29.42,254131.92,128560.0,12831.92,0.0,0.0,0,3469681.6199999996
2020-11-01,21903.24,28761.42,114807.76,0.0,33878.65,1072854.2,10704.69,423452.78,,1142.86,652595.93,639856.62,407.14,148.62,933.81,66.48,209982.62,91526.0,10883.8,0.0,0.0,0,3313906.6200000006
2020-12-01,21172.86,27190.81,152349.03,0.0,38849.97,1276161.45,12819.54,485872.83,,1312.55,768161.74,760695.45,547.1,-4881.59,1116.47,52.58,243519.81,118168.0,13060.54,0.0,0.0,0,3916169.140000001
2021-01-01,30204.89,26925.55,110449.89,0.0,37507.18,1220636.93,12064.41,490510.31,,940.9,685942.97,655503.47,452.5,5223.09,274.48,88.32,128264.67,108756.0,13975.11,0.0,0.0,0,3527720.6699999995
2021-02-01,20711.03,21953.78,147115.9,0.0,37044.54,1272610.25,10943.51,450801.63,,1010.16,669312.89,621730.81,709.18,-308.7,0.0,42.85,286352.94,110937.0,9954.97,0.0,0.0,0,3660922.74
2021-03-01,27766.04,29164.03,153583.53,0.0,36954.44,1417371.99,10508.49,519107.54,,1291.15,773453.52,692228.61,417.13,116.17,0.0,95.13,187420.65,104570.0,11349.78,0.0,0.0,0,3965398.1999999993
2021-04-01,25695.84,39782.05,128870.61,0.0,50964.69,1268479.7,9876.2,469398.84,,1029.93,688389.03,610290.32,441.82,71.76,83.0,31.83,222753.58,108795.0,12887.39,0.0,0.0,0,3637841.5899999994
2021-05-01,24652.39,49044.75,124558.01,160.0,52492.11,1188268.54,12741.15,477797.33,,935.05,707336.38,643104.75,237.83,9.43,516.7,54.68,208306.63,122958.0,11316.86,0.0,0.0,0,3624490.5900000003
2021-06-01,23178.27,29579.19,130750.3,0.0,56780.29,1128054.37,10188.84,480483.82,,1118.33,692598.71,637338.03,319.61,66.04,217.0,525.04,221867.31,112843.0,4353.63,0.0,0.0,0,3530261.7800000003
2021-07-01,26087.78,28594.62,161178.68,0.0,59802.43,1197397.83,11250.16,502500.22,,1116.71,740193.13,665475.44,272.62,-105.71,353.0,193.49,247257.05,89715.0,13270.25,0.0,0.0,0,3744552.7
2021-08-01,22702.6,28571.4,108263.65,0.0,50494.29,1104609.15,10524.54,495474.87,,1034.76,668221.53,636801.3,480.63,73.11,380.0,0.75,209382.44,118471.0,10196.2,0.0,0.0,0,3465682.2199999997
2021-09-01,24886.79,16940.81,119053.02,73.32,54470.85,1102684.29,10578.96,494768.58,,1128.98,670418.8,605278.4,316.84,151.91,345.0,6.86,186654.68,91068.0,7911.3,0.0,0.0,0,3386737.39
2021-10-01,23088.16,22006.99,111134.14,0.0,55352.31,1166975.44,10922.71,499790.9,,374.12,718676.32,675818.23,294.75,-321.14,1350.0,0.13,481888.42,105591.55,7075.41,0.0,0.0,0,3880018.4399999995
2021-11-01,24685.75,23458.0,104401.79,0.0,61963.26,1223817.11,10724.39,482357.07,,1419.33,708246.27,641916.39,329.16,114.64,0.0,25.16,301772.78,86090.12,14335.88,0.0,0.0,0,3685657.1000000006
2021-12-01,23266.7,29373.31,148010.7,0.0,70251.79,1380064.62,14349.94,534537.58,,1310.74,821882.15,768107.97,174.22,161.85,0.0,1.74,330630.31,107199.79,12026.93,0.0,0.0,0,4241350.34
2022-01-01,26398.49,26627.95,123738.0,0.0,61396.28,1281083.25,13681.79,513015.93,,1521.19,683031.84,621512.78,5249.84,188.33,0.0,0.1,349200.82,97622.5,9395.75,0.0,0.0,0,3813664.84
2022-02-01,28690.37,22671.15,113402.81,0.0,54437.25,1267195.1,8915.36,519921.04,,947.72,661521.58,592106.14,3609.39,126.45,0.0,2.52,440976.25,119968.05,6436.35,0.0,0.0,0,3840927.5300000007
2022-03-01,29464.78,31004.35,154357.45,0.0,66914.62,1335367.84,10326.27,483657.43,,1523.81,701819.65,598038.47,4287.51,141.38,1500.0,134.92,455044.7,128886.16,7693.95,0.0,0.0,0,4010163.29
2022-04-01,25782.82,16827.45,133668.15,-11.79,69048.36,1288232.7,9065.57,493178.4,,1390.31,812059.06,569199.43,7109.72,160.61,652.0,394.46,405287.72,104909.33,5358.26,0.0,0.0,0,3942312.5600000005
2022-05-01,25853.21,21737.46,167050.2,-82.52,71003.32,1109576.77,8920.19,515616.02,,1333.33,791824.98,483991.63,4737.69,426.14,728.29,166.74,409436.09,101345.62,9698.39,0.0,0.0,0,3723363.5500000003
2022-06-01,25887.94,19273.76,104641.21,14.47,68988.11,1102689.46,9445.02,513914.27,,1338.21,781009.47,507260.42,4057.9,797.57,2105.56,0.5,362269.01,99404.5,7380.71,0.0,0.0,0,3610478.09
2022-07-01,21393.25,27249.06,107271.87,15.71,70983.86,1125984.15,9177.23,513619.25,,1142.86,788841.46,554496.9,7441.02,536.57,1519.74,153.09,432128.63,96843.79,7556.06,0.0,0.0,0,3766354.5
2022-08-01,23208.91,33587.39,109190.19,-143.0,74443.19,1107348.96,9928.6,541273.94,,1292.79,784468.32,581844.42,6487.42,211.02,1573.56,98.6,462195.76,115875.47,7619.59,0.0,0.0,0,3860505.1300000004
2022-09-01,22348.19,39127.46,135728.17,0.0,63518.27,1202883.03,10663.38,479529.68,,1129.28,760396.15,570632.2,4177.49,88.55,2452.28,46.75,404922.34,100738.0,8249.4,0.0,0.0,0,3806630.619999999
2022-10-01,27649.54,55160.16,131645.27,-94.29,54757.41,979243.31,8890.2,545823.45,,1138.12,768784.36,573943.48,5341.49,241.35,1914.45,37.27,352332.22,123296.8,10661.18,0.0,0.0,0,3640765.77
2022-11-01,27659.69,72337.43,139804.79,-439.19,67178.42,1165294.16,10785.62,528393.77,,1112.59,771173.12,572163.23,5612.84,-3.33,1598.96,67.94,748589.98,137937.12,11728.21,0.0,0.0,0,4260995.35
2022-12-01,25304.91,57533.95,135803.78,-286.43,94150.68,1241281.79,8940.56,556737.22,,1320.96,865851.44,635953.46,3668.38,362.38,1786.75,60.41,283650.41,135988.0,6824.75,0.0,0.0,0,4054933.4
2023-01-01,26561.43,77035.87,105294.71,-380.72,73581.22,1285932.51,9391.16,574148.0,,1224.04,804524.73,599501.29,5654.81,540.21,2222.59,142.63,427535.42,112435.87,7647.92,0.0,0.0,0,4112993.6899999995
2023-02-01,25841.91,74416.24,116577.42,-287.62,66761.16,1226884.63,8398.95,497273.19,,1134.43,737345.64,544144.0,510.4,935.55,1133.8,145.61,311098.09,100237.67,16166.19,0.0,0.0,0,3728717.259999999
2023-03-01,31025.18,69630.4,194492.83,,83431.51,1463008.43,11462.71,588892.16,,1514.78,875010.34,656941.64,481.54,-1882.43,2024.49,268.68,311475.22,112090.14,12781.27,0.0,0.0,0,4412648.889999999
2023-04-01,23882.93,74654.67,157844.83,-841.64,80733.64,1247899.39,10553.37,513919.89,,1390.03,798128.36,586642.2,415.69,-1568.78,940.32,108.23,322290.11,96434.73,13410.95,0.0,0.0,0,3926838.92
2023-05-01,27142.62,76296.87,221002.66,-797.34,73860.95,1346554.12,12201.45,561767.17,,1790.83,866826.79,646221.2,526.03,-2825.2,1652.7,117.0,508981.62,114448.93,15367.18,0.0,0.0,0,4471135.579999999
2023-06-01,20984.44,61945.89,278395.87,-141.21,83670.38,1159045.92,11006.74,532138.9,,1757.38,782745.17,616290.21,251.49,-242.23,1479.62,244.37,477277.35,103883.51,13786.74,0.0,0.0,0,4144520.5400000005
2023-07-01,26154.75,51822.56,184922.99,-300.65,86543.5,1178454.37,10322.55,521833.56,,1668.74,825219.05,642098.16,124.47,61.33,1742.72,289.82,463783.28,103263.65,18098.98,0.0,0.0,0,4116103.83
2023-08-01,28448.14,36555.03,177433.27,-370.81,85858.76,1222453.19,11621.18,543825.64,,1496.0,851754.02,632333.4,570.27,94.24,1289.49,322.29,578024.4,118906.9,21312.71,0.0,0.0,0,4311928.12
2023-09-01,26664.59,30992.39,153538.96,0.0,78170.33,1103622.25,10333.31,517699.48,,1309.79,799852.73,597670.26,418.09,58.97,1580.67,407.86,466772.04,98530.47,10044.27,0.0,0.0,0,3897666.46
2023-10-01,19273.41,16064.27,140794.11,-231.53,61988.69,998113.39,9768.0,495261.14,,1871.98,728741.16,531542.58,165.64,35.57,1538.41,48.39,320934.87,16701.0,16998.76,0.0,0.0,0,3359609.8400000003
2023-11-01,27621.73,20210.7,139849.79,0.0,87293.6,1248223.75,11149.45,530542.42,,1142.86,807947.98,632180.03,239.31,362.38,1653.74,59.66,277411.44,96347.0,12303.72,0.0,0.0,0,3894539.560000001
2023-12-01,24983.37,14626.67,177249.65,-572.63,96335.03,1334692.15,10583.8,541263.18,,1511.9,880233.12,691389.62,146.53,113.22,1283.82,2.18,371910.12,80461.3,14748.21,0.0,0.0,0,4240961.24
2024-01-01,28739.0,11541.39,154779.13,-425.4,101931.98,1359012.49,12753.66,548124.45,,1428.57,830708.13,658083.66,497.12,58.93,2211.55,63.0,494201.6,91360.15,14764.28,0.0,0.0,0,4309833.69
2024-02-01,26061.54,16710.19,162012.38,-374.79,90032.19,1340174.42,12428.51,526897.85,,1140.33,818740.16,654059.6,-593.71,-405.69,2061.43,42.15,307639.83,80009.6,21105.25,0.0,0.0,0,4057741.2400000007
2024-03-01,25159.01,13146.14,284146.41,-124.51,92065.02,1393324.52,12378.9,523990.91,,1510.75,870771.7,671997.05,646.23,94.17,1709.22,0.9,534218.36,87066.32,5069.3,0.0,0.0,0,4517170.399999999
2024-04-01,30759.23,12942.6,167965.96,-408.66,84078.82,1428143.44,13960.16,531880.19,,1495.49,847353.15,633520.57,539.51,23.45,2209.47,49.32,270494.0,76628.15,18204.87,0.0,0.0,0,4119839.7199999997
2024-05-01,29422.53,10648.82,407622.36,-679.88,88754.57,1396161.97,11513.25,536754.38,,1605.58,894533.14,692427.94,217.62,93.45,1934.08,239.14,522187.82,85210.78,14524.46,0.0,0.0,0,4693172.010000001
2024-06-01,28189.87,12238.87,277797.35,24.6,88648.86,1159234.34,12976.01,523778.26,,1130.15,794408.31,629424.37,402.08,129.02,1972.12,76.6,520610.0,72067.92,13313.96,0.0,0.0,0,4136422.6900000004
2024-07-01,28182.08,15231.72,164739.55,15.63,93589.73,1170868.82,13592.29,556774.66,-5768.61,1132.09,835984.4,681795.6,1871.71,35.07,1777.13,46.16,530636.58,82586.9,14866.61,0.0,0.0,0,4187958.1199999996
2024-08-01,32669.87,16086.77,155156.95,-129.83,88992.17,1220254.2,13769.72,551959.94,-5125.38,1505.96,869673.44,706962.21,1504.16,145.23,1757.07,547.58,865931.91,84348.69,11037.39,0.0,0.0,0,4617048.05
2024-09-01,17724.39,14404.37,129059.65,-682.98,78639.27,1161480.31,14234.41,555676.21,-3617.05,585.93,824829.02,682846.53,5650.4,50.76,1442.97,92.59,491181.54,78185.2,16852.16,0.0,0.0,0,4068635.6799999997
2024-10-01,2900.53,14718.66,168233.85,18.55,77767.06,1399433.57,15236.22,600476.17,0.0,383.61,938086.57,786598.12,730.06,129.48,1816.42,301.66,487452.36,88885.31,15873.86,0.0,0.0,0,4599042.0600000005
2024-11-01,26601.36,40510.01,126219.84,42.69,82355.21,1307939.01,24281.06,597059.9,0.0,1319.63,825168.28,696506.19,1860.51,-405.57,3646.69,213.66,458139.11,77270.48,12489.7,0.0,0.0,0,4281217.760000001
2024-12-01,32294.67,32072.23,138019.95,-105.04,52651.66,1474651.06,24615.04,564762.33,-708.53,45840.3,913940.78,773715.97,247.81,-1351.58,1228.81,107.08,320785.16,90160.0,14279.61,0.0,0.0,0,4477207.3100000005